421,Raj,Singh
149,Deepak,Thakur
117,Corinna,Mangenet
894,Manoj,Singh
726,Arnold,Scarman
888,Suraj,Jain
579,Kimberlee,Draude
658,Ashish,Thakur
294,Pasquale,Inge
146,Kali,Heath
352,Corrianne,Santostefano
642,Deepan,Srivastava
421,Maureene,Giacopello
859,Paton,Mathevet
594,Newton,Ivanishev
851,Ber,Shouler
527,Kavita,Agrawal
610,Daffie,Helian
840,Laney,Barttrum
803,Gertie,Bairstow
733,Annemarie,Bernasek
671,Jessee,Bangs
285,Kerwin,Maggiore
110,Dianne,Mathie
374,Cordell,Glanders
480,Jade,Oneil
348,Brigitta,Keoghane
500,Melita,Rudland
845,Clo,Lanegran
362,Monte,Laity
303,Meredithe,Clackson
440,Siana,McFade
773,Jordan,Christophle
591,Shaw,Keeves
309,Frasco,Ingman
281,Clevey,Erswell
884,Lelia,Jain
717,Abagail,Niccolls
479,Derron,Maleby
386,Jarid,Sabine
538,Boote,Khristyukhin
467,Meta,Sammes
162,Staci,Hampshire
753,Brynn,Oloman
397,Ardis,Wethey
555,Shane,Heathcote
363,Rozanne,Roebottom
383,Abigael,Merriment
739,Lovell,Conan
229,Rorie,Borlease
550,Helaine,Dorward
420,Delcine,Jarrelt
717,Janaya,Keedwell
135,Ilaire,Bodker
187,Melisandra,Serck
702,Katerina,Bumphries
868,Ebony,Willison
775,Godard,Cargen
867,Elva,Cromwell
453,Dottie,Taffee
668,Orren,Ander
847,Deanne,Roder
864,Meghann,Wattingham
416,Wendye,Crilley
121,Catarina,Thain
756,Mallory,Aleixo
329,Dallis,Elmhurst
237,Kiersten,Morhall
300,Eleni,Nozzolii
478,Bert,Muggeridge
598,Arly,Rodnight
550,Marty,Bulch
176,Orson,Brambell
448,Devlen,Addison
146,Roderigo,Mougeot
262,Kristoforo,Lawes
221,Costanza,Dencs
705,Thaine,Randell
667,Marcie,Forster
781,Giulia,Suttle
676,Geoffry,Vidgeon
378,Seumas,Doodney
817,Calli,Lucio
705,Jacky,Langshaw
391,Minna,Abramchik
356,Mariska,Filochov
885,Lorianna,Joret
329,Dov,Emmet
508,Monah,Lidster
590,Tabor,Dudenie
144,Cristin,Kleuer
258,Lindy,Bernini
239,Sammie,McCambridge
155,Anatola,Merdew
516,Ardenia,Peirpoint
550,Brenden,Mustoo
443,Leandra,Skpsey
125,Anthea,Wem
681,Wendie,Ca
881,Stillmann,Pendrid
158,Janie,Tilne
343,Zitella,Dowrey
137,Dario,Phillott
379,Rosina,Van Zon
820,Anne-corinne,Chaddock
382,Tomasina,Palfreyman
712,Cybil,Gherardi
348,Lenka,Spedding
816,Delphinia,Gawthrop
162,Cully,Jerke
610,Lora,Mundall
124,Grier,Borrill
351,Benedetta,Sheaber
228,Malvina,Botwright
422,Haleigh,Scathard
299,Geoff,Berardt
703,Erich,Raff
650,Arline,Withringten
242,Fernando,Chuck
566,Danya,Volette
241,Bonny,Johnston
550,Upton,Gasticke
163,Filippo,Wettern
545,Maryjo,Reese
444,Magdalena,Gaisford
264,Shaughn,Roze
780,Billye,Vanelli
375,Filberte,McDunlevy
588,Ethelbert,Swinnerton
656,Eloisa,Balazs
189,Chiquia,Mawson
166,Janessa,Petranek
492,Ransell,McCorkell
552,Enoch,Hillitt
836,Irwin,Pyott
443,Solomon,Syrett
671,Josselyn,Kob
893,Jania,Kundert
826,Benjie,Hawley
168,Reinwald,Gosneye
134,Heath,Ransome
574,Joyann,Isles
379,Ailbert,Twigge
702,Parry,Tomasini
156,Bel,Yashnov
236,Basil,Geard
697,Johnathon,Mullen
335,Sidnee,Von Der Empten
846,Judy,Bastian
142,Heddie,Wadmore
393,Aurelie,Kirtlan
521,Mead,Beasleigh
560,Twila,Keijser
733,Aurea,Jayme
559,Lilias,Garnsworthy
478,Cherin,Lovejoy
200,Kamila,Loseby
547,Chancey,Bachshell
423,Vin,Fassum
544,Marie,Henriet
772,Errol,Rollett
762,Hiram,Pavett
406,Toddie,Treffry
597,Hamel,Pobjoy
275,Briant,McElhargy
453,Jay,Kibbee
391,Maxine,McCallister
210,Darcey,Etuck
212,Skylar,Lightewood
108,Winifred,Manie
647,Crichton,Claxson
363,Justino,Terrazzo
107,Lane,Yakobovitz
504,Aristotle,Jancic
159,Ingemar,Soda
140,Denny,Brushneen
566,Massimiliano,Hickford
480,Thatcher,Balffye
263,Lea,Benedick
150,Ardith,Mariner
697,Abbe,Melsom
722,Winni,Izard
637,Marius,Galloway
196,Bryanty,Simonazzi
496,Gearard,Roughan
437,Alina,Reisk
127,Vivianne,Solan
574,Jolyn,MacKilroe
322,Barbe,Goldring
807,Edsel,Beevors
231,Henrietta,Visick
320,Pennie,Stitch
462,Care,Gounin
704,Julina,Aizic
490,Ross,Whitnall
502,Hesther,Yallowley
813,Vickie,Skittrell
498,Garrek,Paunsford
898,Jenifer,Purviss
451,Cathrine,Warboys
266,Berrie,Busst
718,Kailey,Ping
778,Kaye,D'Elias
492,Amos,Jagger
254,Catherine,Masserel
306,Cary,Beazleigh
146,Cherilynn,Draye
240,Marthe,Ties
163,Randi,Kimmons
426,Nana,Lafay
875,Elvera,Littell
780,Merrill,Butterley
779,Kerr,Kingswell
883,Dwayne,Zini
366,Blair,Cullity
486,Marylynne,Blaxley
519,Justine,Teasell
625,Sutton,Jodrelle
261,Artur,Dwelling
468,Byran,Goodchild
439,Lettie,Pimerick
422,Case,Mioni
609,Bibbye,Veregan
272,Kalinda,Flanigan
705,Etti,Lamprecht
831,Maisey,Travers
700,Pietra,Budcock
412,Annora,Mathieson
168,Thomas,Basey
373,Hedy,McGlade
138,Bryan,Cashmore
701,Maye,Pomphrett
733,Cordie,Bugs
785,Barbey,Geyton
622,Meris,Domenico
529,Tally,O'Kenny
113,Gerald,Liver
724,Minta,Hackforth
103,Margarette,Baylis
317,Lissa,Guerrin
666,Mavis,Downs
288,Giana,Pires
298,Loreen,Mowson
473,Leann,Selbach
545,Constantine,Scolts
227,Mathew,Collister
604,Rockwell,Trineman
770,Ramona,Grimmert
323,Tamma,Escala
331,Germayne,Bartolacci
101,Olga,Brimman
271,Sayers,McVicar
356,Giselle,Sawyers
879,Clemmie,Kiley
281,Leonie,Seleway
424,Brien,Croney
641,Sisely,Beven
631,Jess,Bamber
842,Merrili,Backshill
643,Callida,Littlepage
761,Rania,Bront
629,Hersch,Smalecombe
510,Fifi,Fowls
398,Eadie,Mallett
572,Drusy,Velareal
752,Krystyna,Reeme
830,Imogen,Allday
349,Doroteya,Kember
773,Kara-lynn,Greatbatch
580,Darryl,Gosnell
315,Elihu,Malone
317,Donavon,Pee
669,Colby,Sineath
200,Louise,Hakking
233,Langston,Spieght
417,Gibbie,Weippert
171,Deidre,Descroix
351,Arlin,Tilmouth
328,Faith,Vernalls
171,Rutger,Odell
669,Aidan,Bleier
785,Casey,Dennehy
120,Alyss,Clayworth
296,Celina,Cossins
159,Caldwell,Chable
855,Susann,Roblett
688,Christalle,Durnell
470,Kaylee,Le Batteur
503,Miltie,Cropton
622,Sandy,McGeoch
277,Teddy,Billes
434,Lemmie,Will
861,Rudyard,Dawidowsky
208,Sylvester,Van Leeuwen
415,Petronille,Napper
390,Joelly,Rogliero
455,Melodee,Fley
643,Stormie,Grassin
537,Trueman,Ager
891,Lauralee,Tomei
734,Rakel,Oganian
516,Rebecca,Lambell
566,Silvana,Blick
145,Meade,Brockhouse
751,Gunther,Coat
225,Valaree,Rhucroft
841,Dollie,Slemmonds
354,Calvin,Rodinger
835,Flynn,Eadmead
779,Blayne,Crenshaw
602,Dominga,Sorsby
716,Forbes,Haffenden
726,Garth,Schutter
293,Prudence,Elves
235,Fanya,Owens
723,Sandy,Webb-Bowen
861,Georgine,Semarke
606,Zola,Laingmaid
786,Allis,Bullar
203,Kary,Skip
239,Spike,Mepsted
245,Germaine,Atwood
413,Morris,Rouzet
777,Case,Novotni
421,Florri,Oxby
400,Gayleen,Noddles
582,Nanci,Gomersal
863,Euphemia,Thing
639,Gaven,Weyman
199,Manfred,Greenhalgh
510,Isabella,Somers
623,Morten,Gommey
110,Bastien,Gitthouse
894,Hartley,Fairall
782,Josi,Cheesley
803,Brandise,Sheeran
719,Giovanna,Standing
255,Baryram,Antliff
134,Louise,Ready
726,Fayre,Alwen
382,Kirk,O'Kerin
230,Nestor,Doy
391,Alvan,Tomadoni
662,Sileas,Napthine
212,Cherri,Rodrigo
637,Toby,Scrine
103,Lenore,Oddey
146,Letizia,McGennis
400,Gerta,Knightly
900,Madella,Allin
464,Luelle,Longmaid
559,Perrine,Andrelli
894,Correy,Lowrance
160,Carolus,Clamo
756,Tandi,Papworth
268,Sheena,Jozsa
674,Cathrin,Harby
756,Bernie,Ainsley
263,Vinnie,Askie
577,Caesar,Kleinschmidt
156,Angy,Moyles
259,Normand,Misselbrook
877,Melvin,McCorkindale
877,Roxie,Shoobridge
418,Dacie,Brangan
820,Georges,Danigel
454,Gifford,Bannell
344,Hyacinthie,Fargher
274,Fawne,Coweuppe
170,Meg,Smuth
348,Alvan,Spearett
860,Abe,Ditts
718,Nessy,Tindle
217,Kit,Miskin
676,Kyle,Bisgrove
413,Amii,Flook
130,Aveline,Leggett
892,La verne,Gooke
865,Barbaraanne,Phillimore
258,Gottfried,Tattam
583,Sherline,Sommers
590,Giordano,Bladesmith
743,Evyn,Ireson
592,Kristan,Asgodby
884,Tuck,Worstall
437,Kristy,Fomichyov
623,Tove,Physic
133,Nikola,Dobbings
251,Patricia,Madre
129,Mattias,Claiton
209,Yank,Filchagin
868,Janel,Lacelett
470,Rodrique,Furzer
137,Dallon,Honsch
299,Olly,Phizackerly
714,Othella,Byrch
426,Ludvig,Overstreet
720,Adrianne,Topping
489,Carena,Arnet
367,Lyssa,Beldan
787,Saw,Oloman
649,Dedie,Frew
622,Blair,Ivashechkin
838,Marilyn,Cleevely
391,Jeno,Mardling
375,Vittorio,Unwins
594,Ange,Dymoke
667,Meaghan,Domelow
678,Codie,Wooster
487,Onfre,Dargue
169,Gilemette,Tout
292,Abbie,Doll
359,Doll,Gonoude
196,Lemmie,Aysik
766,Bernetta,Frusher
576,Nomi,Scain
476,Monro,Josefsen
653,Shurwood,Whitrod
829,Trumaine,Rogge
208,Andreas,Cawkwell
136,Nil,Adamkiewicz
753,Matelda,Seide
762,Catlee,Mussetti
196,Deena,Arnoldi
107,Carolan,Soutar
861,Lexis,Rowbottam
774,Dick,Tesdale
531,Silvan,Schiell
624,Vally,Maes
466,Lindi,Soutter
261,Zaneta,Makinson
582,Meris,Hanbidge
372,Marianna,Paulat
702,Stephenie,Barneville
643,Ethyl,Dumke
375,Felicle,Bonds
571,Rebekkah,Yegoshin
661,Niel,Botcherby
295,Addie,Vedmore
548,Nisse,Wrankmore
601,Abagail,Korf
879,Griff,Garaway
537,Georgie,Fery
273,Griselda,Saggs
371,Sondra,Alastair
645,Mechelle,Dyas
823,Alec,Claffey
174,Latrina,Hassen
573,Viva,Haskell
192,Camile,Zanicchelli
461,Tab,Khilkov
231,Ezra,Stigell
339,Desi,Iacopo
846,Tallie,Wellman
320,Gisela,FitzAlan
163,Corby,Adenot
358,Atlanta,Rebeiro
842,Rosamund,Gumary
878,Richardo,North
401,Heath,McGuffog
583,Reina,Roadnight
541,Ogden,Toovey
852,Kerri,Hasselby
628,Wileen,Pitcaithley
837,Marcelline,Eddow
743,Kylynn,Klauer
470,Nicola,Reynish
205,Else,Kensington
657,Catarina,Hovey
744,Sonny,Jakeway
893,Carlye,Dunbobin
623,Durand,Ennor
144,Irene,Rooney
639,Bonny,Drinan
784,Tailor,Backshell
844,Wynne,Haddow
297,Larina,Piesold
309,Deloria,Boodle
176,Shelba,Hatzar
496,Rosamund,Corzor
866,Zebulon,Peacock
455,Agosto,Chinnick
102,Wesley,Polet
716,Dominik,Ollie
119,Tiertza,Hailes
154,Garvy,Bazell
411,Ginger,Coltart
293,Cleve,Hebborn
651,Jerrie,Broxholme
794,Karmen,Marshal
312,Antonino,Braddick
244,Halsey,Antonetti
124,Eileen,Stanlock
551,Sabra,Tremaine
753,Lula,Rosenthaler
148,Winfield,O'Ferris
545,Harman,Syrad
642,Rubina,Senechell
780,Theodosia,Pauling
767,Tierney,Alyukin
826,Jillane,Creavan
410,Giralda,Pittem
393,Obie,Sumption
441,Jessamine,St. Queintain
296,Norrie,MacGiffin
316,Gunter,Loughren
132,Ashlen,Poynzer
303,Torre,Callard
722,Vevay,Cunnane
687,Boyd,Vales
160,Kassie,Derrington
776,Dagny,Kach
567,Hermione,Fairham
686,Ceil,Redborn
573,Reena,Hanks
751,L;urette,Pottie
557,Padraig,Stutte
368,Jillene,Rielly
878,Ludovika,Foote
543,Eadmund,Jacquot
236,Joanne,Blazeby
461,Thomas,MacMeanma
528,Normand,Kuhn
138,Felipa,Eilles
398,Lonny,Quinnette
157,Christoffer,Kalinke
248,Clementius,Blaxter
286,Towny,Cursons
125,Henrieta,Kirsch
409,Marlene,Yetman
243,Cinderella,Crunkhorn
528,Jeddy,Cescot
365,Keven,Neachell
108,Celie,Deason
306,Ingunna,Pavlata
351,Gerick,Woolland
570,Westbrook,Polglase
389,Jeremy,Marriner
845,Justinn,Duncklee
313,Pamella,Hertwell
622,Greer,Gapper
489,Sebastien,Dennes
586,Verene,Leeson
152,Fran,Nerne
181,Arman,Anscott
575,Robbie,Yon
791,Aurelia,Sandlin
764,Zola,Valente
424,Walker,Syplus
364,Anthea,Healy
636,Bernadina,Hawkslee
893,Vilma,Spellicy
704,Giselle,McCaughey
287,Felecia,Sibson
877,Celestine,Lanfere
139,Michel,De Gregario
527,Alberta,O' Shea
422,Ibrahim,Isaac
785,Hedi,Flipsen
776,Sadye,Withnall
598,Dede,Leadstone
706,Carmela,Bruin
812,Korrie,Blackleech
559,Georgina,Tommasuzzi
461,Kevina,Burberow
279,Filmer,Szach
329,Christophorus,Parradye
447,Sheppard,Woolis
519,Hedvig,Adamo
738,Ewell,Stockill
678,Clare,Deighton
484,Field,Verney
498,Minna,Ivanyukov
572,Nathalie,Duigenan
213,Merrick,Allmark
191,Selma,Tough
493,Darnell,Matley
446,Chantalle,Goff
868,Yoko,Bartali
170,Carmita,Masterton
522,Dotty,Wrigglesworth
182,Galven,Flegg
410,Barbie,MacCarter
678,Rudd,Pashenkov
496,Mateo,Walling
608,Owen,Panton
592,Thadeus,Cornbell
536,Rosaleen,Jakobssen
665,Margette,Lamminam
565,Farand,Kimbury
729,Aime,Gilgryst
520,Andriette,Kiernan
262,Ross,Crowley
386,Isabelita,Skypp
859,Chrysler,Charleston
593,Friedrich,Crepin
200,Kira,Fleeman
779,Flinn,Cline
640,Roxane,Baskett
556,Alvira,Burlingame
391,Elnar,O'Monahan
371,Germain,Crowley
876,Sinclare,Lapwood
152,Kerry,Smowton
854,Annie,Bowery
650,Corella,Thomazet
664,Sonny,Gadman
116,Gilda,Lerer
265,Karel,Binder
621,Mandel,Halewood
163,Hammad,Axelbey
553,Calley,Vardie
470,Brewer,Glentworth
346,Ebenezer,Mannie
325,Chic,Dinnis
352,Beniamino,Bosward
364,Arman,Ryland
819,De witt,Atte-Stone
757,Blanca,Bichard
574,Mendel,McKeachie
164,Annice,Asbrey
311,Benedicta,Duncan
597,Timothee,Ellse
721,Alanson,Heyball
254,Penny,Gowans
632,Sidoney,Spurrett
726,Ferguson,Cello
751,Grange,Maciaszek
778,Demetris,Orpin
858,Morse,O' Faherty
860,Auria,Mableson
759,Kesley,Jedraszczyk
884,Merridie,Dykes
485,Walden,Baxendale
833,Lynde,Russilll
845,Sheri,Morillas
280,Beatrix,Bruntjen
687,Pacorro,Enoch
848,Lanette,Paddeley
413,Lief,Crocket
175,Byron,Lathleiff
518,Nichol,Reckus
872,Marylou,Anscott
437,Dare,Dumke
810,Moses,Bails
420,Parke,Scrooby
771,Skippie,Swan
698,Brannon,Schwandner
610,Reeva,Petkens
158,Christan,Ambroz
456,Devin,Stit
346,Teodora,Kupis
113,Webb,Stairmand
499,Ford,Orsi
449,Stoddard,Janousek
807,Linoel,Solan
640,Sunny,Kwietak
835,Olivie,Cinavas
333,Brittney,Krout
834,Cchaddie,Beavers
603,Nelle,Geroldi
722,Alberta,Glastonbury
261,Tessie,Fulle
100,Andre,Labat
407,Alessandra,Sodo
691,Aylmar,Beckett
186,Lanni,McAvin
718,Darb,McConnell
226,Alexandre,Boyce
541,Leah,Challoner
406,Charlotta,Tibalt
296,Kaye,Bleesing
494,Dennison,Kerton
639,Meghann,Rearie
892,Tedda,MacAree
508,Jordan,Solway
648,Doralynn,Janjic
647,Julissa,Grombridge
854,Winnie,Dyshart
108,Lanna,Grigoletti
522,Cale,Hitter
481,Valerye,Prop
211,Averil,Gallandre
275,Luci,Snailham
608,Katya,Skellorne
544,Burgess,Tschiersch
688,Alasteir,Fulham
341,Dorry,Sanger
431,Hayley,Snazel
475,Alexa,Cumbes
181,Frayda,Eddison
290,Esmeralda,Pierrepoint
334,Web,Fullun
663,Rowland,Pawelczyk
496,Sawyer,Kovelmann
900,Arabelle,Bluschke
347,Allissa,Lundon
181,Kare,Corteney
576,Brander,Gomby
896,Putnam,Swiggs
598,Margeaux,Spelwood
463,Chelsea,Rathke
687,Mable,Andrey
750,Gaspar,Deery
451,Vina,Wastie
447,Robert,Smissen
289,Serge,Chisolm
341,Shani,Blakes
682,Adelaide,Doyle
718,Novelia,Weyland
716,Timofei,Warmisham
489,Stephana,Hanham
409,Nollie,Sprouls
690,Bambi,Melley
332,Christin,Peotz
874,Lawry,Letchmore
457,Ralina,Lomasney
795,Yuri,Orrice
320,Loise,Norster
266,Aurora,Caustick
643,Sherman,Seakin
268,Lorrie,Timmis
270,Montague,Waistell
151,Anissa,Donati
266,Chandler,Dresche
431,Juieta,Govini
768,Christophorus,Copson
635,Sibbie,Mersh
749,Bev,Heintsch
894,Cobby,Oxby
785,Hyman,Coatts
509,Lishe,Wherrit
721,Corby,Partington
795,Roana,Durrad
544,Jori,Quaintance
338,Sheilah,Keyser
744,Tabby,MacMenamie
889,Mayne,Mixon
369,Ulrich,Dunphie
113,Cherey,Burkett
362,Josey,Rosin
304,Abie,Franschini
715,Stephannie,Grishechkin
895,Dwight,Dreus
848,Artie,Toderi
647,Darius,Casaroli
858,Nye,MacGahey
577,Editha,Barlee
600,Vivie,McDill
471,Concettina,Tothacot
705,Valene,Weatherill
247,Gert,Ostler
710,Steve,Alebrooke
766,Marabel,Olenin
626,Rona,Sergison
377,Mikaela,Datte
679,Shellysheldon,Lailey
569,Jereme,McCart
303,Mahmoud,Ivanchin
612,Nichols,Nial
545,Perl,Coultar
287,Cad,Lovitt
883,Genni,Esilmon
432,Kelli,McCart
811,Riki,Hague
252,Melantha,Veque
493,Loleta,Dunbobbin
443,Angela,Hould
131,Jeana,McKinn
345,Giralda,Kliche
581,Erl,Keynd
648,Jori,Robinett
327,Kurt,Robison
375,Kayley,Bartlomiej
340,Oralee,Blackmore
624,Rachele,Causer
324,Edik,Blewett
466,Cloe,Langlais
470,Carmita,La Padula
871,Melisenda,Reeken
338,Kellyann,Portwaine
488,Noble,Ranklin
449,Stephannie,Gracewood
475,Klemens,Beevens
163,Mair,Larwood
703,Zorah,Rickard
549,Fabian,Maudsley
183,Stevena,Rubinovitch
824,Celesta,Albery
588,Dawna,Hurley
742,Saunder,Maginot
121,Joanna,Korneichik
306,Caty,Gisborne
317,Stefan,Ortsmann
133,James,Kiraly
270,Kary,Flaunders
889,Rozanne,Giddings
538,Meryl,Ville
369,Guss,Speight
598,Ebba,Barhem
254,Orv,Clacson
767,Lucia,Fulle
254,Maurise,Vasyukhnov
201,Peria,Retallick
898,Jarrett,Crannis
542,Hally,Rendle
554,Merissa,Gavey
486,Danny,Crippill
348,Seumas,Alenshev
548,Kendell,Ughelli
428,Maxy,Oxlade
304,Keelby,Ainscough
463,Isabel,Aleksandrov
721,Janela,Forestel
140,Jemmy,MacRorie
515,Lilith,Campa
552,Stanly,Silverson
346,Angelico,Abramowitch
481,Nicol,Goodbar
760,Dominick,Kaplan
678,Alix,Grolmann
791,Thalia,Malkin
392,Hagen,Chasney
539,Ambrose,Karpinski
104,Muriel,Threadgold
888,Leonelle,Mallia
672,Modesta,Davidovici
327,Graig,Ben
172,Cynthie,Emons
114,Farrel,Oury
836,Pennie,Giovannacc@i
528,Donia,Alloway
772,Lona,Dillinger
547,Laney,Claesens
507,Angeline,Bambury
370,Berke,Aronson
341,Vassily,Beese
245,Pierce,Alcorn
514,Letisha,Asbrey
141,Liuka,Canepe
860,Patricia,Golthorpp
116,Sayers,Donnersberg
771,Fidelia,Altofts
886,Wallis,Rieme
493,Anderson,Minerdo
178,Vyky,Robbeke
511,Case,Goddert.sf
769,Lawry,Callister
650,Morry,Tickner
740,Kissie,Pitcock
619,Simonne,Redrup
123,Cally,Petegrew
713,Claudie,Pickin
222,Winonah,Golledge
374,Pinchas,Bottrell
267,Bucky,St Angel
436,Griff,Gallichan
489,Agosto,Kiltie
829,Doy,Relf
812,Rafferty,Christophe
524,Kathrine,Cowgill
108,Ellynn,Speake
528,Dotty,Peyntue
262,Nell,Cuncarr
589,Giorgio,Lighton
210,Peirce,Fruin
465,Pierette,Ayris
207,Wyatt,Wadesworth
827,Hubert,McDuffy
766,Katuscha,Weale
687,Tom,Alyoshin
528,Richart,Titford
287,Britt,Gowan
866,Adrian,Stone
208,Xena,Swift
713,Mitch,Kibble
647,Jeffie,Matousek
346,Loy,Le Page
188,Janice,Lake
800,Catherine,Coonihan
475,Rafaelita,Blitzer
107,Sherie,Jaye
171,Vassily,Canepe
272,Pierce,Golthorpp
471,Letisha,Donnersberg
842,Liuka,Altofts
391,Patricia,Rieme
743,Sayers,Minerdo
147,Fidelia,Robbeke
761,Wallis,Goddert.sf
110,Anderson,Callister
718,Vyky,Tickner
277,Case,Pitcock
674,Lawry,Redrup
332,Morry,Petegrew
152,Kissie,Pickin
578,Simonne,Golledge
263,Cally,Bottrell
656,Claudie,St Angel
153,Winonah,Gallichan
715,Pinchas,Kiltie
863,Bucky,Relf
735,Griff,Christophe
186,Agosto,Cowgill
209,Doy,Speake
846,Rafferty,Peyntue
553,Kathrine,Cuncarr
791,Ellynn,Lighton
149,Dotty,Fruin
638,Nell,Ayris
602,Giorgio,Wadesworth
254,Peirce,McDuffy
897,Pierette,Weale
647,Wyatt,Alyoshin
504,Hubert,Titford
206,Katuscha,Gowan
297,Tom,Stone
516,Richart,Swift
457,Britt,Kibble
188,Adrian,Matousek
821,Xena,Le Page
485,Mitch,Lake
847,Jeffie,Coonihan
648,Loy,Blitzer
650,Janice,Jaye
127,Catherine,Ionnidis
193,Rafaelita,Shoosmith
805,Sherie,Rowlett
654,Fonsie,Bullocke
148,Antonie,Lathleiffure
529,Roley,Tolomelli
779,Zelig,Vallentin
834,Erick,Coules
371,Rosa,Reford
824,Maurice,Ladon
742,Uri,Drable
853,Brand,Tilston
376,Bancroft,Dermot
189,Valenka,Gypps
256,Allys,Hedley
655,Ellette,Rubie
571,Jaclyn,Mallard
390,Homere,Hun
808,Dwain,Humber
605,Gorden,Geck
770,Philipa,Keeltagh
180,Shelby,St. Louis
475,Harvey,Whatmough
159,Vidovic,Humes
375,Giordano,Hellicar
422,Mary,Greeding
501,Yale,Janiak
795,Torey,Pedrol
631,Rolland,Yakobovitz
317,Marnia,Sorel
393,Karissa,Hallagan
698,Fernande,Du Hamel
700,Gunther,McKew
861,Case,Linfitt
538,Theodore,Trimmell
764,Tudor,Cornall
404,Moll,O'Mara
345,Bobbi,Lamacraft
885,Maddie,Wych
878,Dominic,Coche
740,Colan,Glastonbury
671,Thadeus,Prendergrass
424,Aldridge,Fleote
534,Marchall,Spinley
797,Kenyon,Fricke
140,Rodi,Agate
825,Janenna,Pobjoy
794,Tann,Bottle
236,Corrie,Dollimore
202,Xylina,Le Fleming
536,Catriona,Gritland
347,Lauralee,Rasper
361,Arlyn,Raoul
851,Heida,Beardwood
369,Marieann,Valentine
751,Nicolina,Beasant
164,Mandie,Heiner
269,Christabella,Groome
806,Jock,Helliker
820,Sargent,Beert
273,Koo,Skpsey
166,Dione,Jickells
746,Mitchel,Ubach
298,Marty,Magrane
858,Diena,Sybry
137,Fitz,Welling
